{
  "cloudant_apikey": "ousipk2dViKwxQYQK_s9UnaLtUM_pS6b3bvj6KUE_hKz",
  "cloudant_host": "cce77b5e-834d-4bf6-a86c-ed10698fa47f-bluemix.cloudantnosqldb.appdomain.cloud",
  "cloudant_iam_apikey_description": "Auto-generated for key cadf3357-f67f-4f1b-ae14-07ef7f14cdbb",
  "cloudant_iam_apikey_name": "ad67ad39-1e6c-466a-a8f1-7abc35e6ea7a",
  "cloudant_iam_role_crn": "crn:v1:bluemix:public:iam::::serviceRole:Writer",
  "cloudant_iam_serviceid_crn": "crn:v1:bluemix:public:iam-identity::a/72e81742796144ed937068a0672dee7c::serviceid:ServiceId-93934a42-0c93-4c18-96d2-e83ef656e107",
  "cloudant_password": "e32bd09ba2a82edcf3ca2c385cc1622ca486106a4465f79933e1a5fcf0e91c51",
  "cloudant_port": 443,
  "cloudant_url": "https://cce77b5e-834d-4bf6-a86c-ed10698fa47f-bluemix:e32bd09ba2a82edcf3ca2c385cc1622ca486106a4465f79933e1a5fcf0e91c51@cce77b5e-834d-4bf6-a86c-ed10698fa47f-bluemix.cloudantnosqldb.appdomain.cloud",
  "cloudant_username": "cce77b5e-834d-4bf6-a86c-ed10698fa47f-bluemix"
}
